{
  "Component-dbg.js": 1625674147508,
  "controller/OrderDetails.controller.js": 1626894770004,
  "model/json/Employees.json": 1627055158129,
  "model/json/Countries.json": 1627055156340,
  "manifest.json": 1627056740307,
  "model/models.js": 1623601232111,
  "model/formatter.js": 1625089719588,
  "model/json/Layout.json": 1627055160053,
  "controller/MasterEmployee.controller.js": 1626602245676,
  "controller/Main.controller.js": 1627056683854,
  "controller/EmployeeDetails.controller.js": 1626602076598,
  "controller/Base.controller.js": 1626601764407,
  "controller/App.controller.js": 1626447065193,
  "control/Signature.js": 1626637108461,
  "Component.js": 1625674147508,
  "manifest-bundle.zip": 1627056739753,
  "Component-preload.js": 1627056740213,
  "controller/App-dbg.controller.js": 1626447065193,
  "model/formatter-dbg.js": 1625089719588,
  "controller/OrderDetails-dbg.controller.js": 1626894770004,
  "controller/MasterEmployee-dbg.controller.js": 1626602245676,
  "controller/Main-dbg.controller.js": 1627056683854,
  "controller/EmployeeDetails-dbg.controller.js": 1626602076598,
  "controller/Base-dbg.controller.js": 1626601764407,
  "model/models-dbg.js": 1623601232111,
  "control/Signature-dbg.js": 1626637108461,
  "i18n/i18n.properties": 1626885073239,
  "resources.json": 1627056740310,
  "view/OrderDetails.view.xml": 1626889373097,
  "view/MasterEmployee.view.xml": 1624894714394,
  "view/Main.view.xml": 1626447234211,
  "view/EmployeeDetails.view.xml": 1626373790081,
  "view/App.view.xml": 1626447302411,
  "fragment/TableOrders.fragment.xml": 1626448277523,
  "fragment/TableEmployee.fragment.xml": 1625499890320,
  "fragment/NewIncidence.fragment.xml": 1626370831107,
  "fragment/DialogOrders.fragment.xml": 1626373650109,
  "css/style.css": 1625082672664,
  "index.html": 1626634099727
}